,id,real_name,tz,start_time,end_time
0,W012A3CDE,Egon Spengler,America/Los_Angeles,Feb 1 2020  1:33PM,Feb 1 2020 1:54PM
1,W012A3CDE,Egon Spengler,America/Los_Angeles,Mar 1 2020  11:11AM,Mar 1 2020 2:00PM
2,W012A3CDE,Egon Spengler,America/Los_Angeles,Mar 16 2020  5:33PM,Mar 16 2020 8:02PM
3,W07QCRPA4,Glinda Southgood,Asia/Kolkata,Feb 1 2020  1:33PM,Feb 1 2020 1:54PM
4,W07QCRPA4,Glinda Southgood,Asia/Kolkata,Feb 1 2020  1:33PM,Feb 1 2020 1:54PM
5,W07QCRPA4,Glinda Southgood,Asia/Kolkata,Feb 1 2020  1:33PM,Feb 1 2020 1:54PM
